<?xml version="1.0" encoding="UTF-8"?>
<!DOCTYPE autores SYSTEM "configAutor.dtd">

<autores>
    <autor>
        <idautor>1</idautor>
        <nacionalidad>Española</nacionalidad>
        <premios>Premio Planeta</premios>
        <nombre>Carlos</nombre>
        <apellido1>Ruiz</apellido1>
        <apellido2>Zafón</apellido2>
    </autor>
    <autor>
        <idautor>2</idautor>
        <nacionalidad>Colombiana</nacionalidad>
        <premios>Premio Nobel</premios>
        <nombre>Gabriel</nombre>
        <apellido1>García</apellido1>
        <apellido2>Márquez</apellido2>
    </autor>
    <autor>
        <idautor>3</idautor>
        <nacionalidad>Japonesa</nacionalidad>
        <premios>Premio Akutagawa</premios>
        <nombre>Haruki</nombre>
        <apellido1>Murakami</apellido1>
        <apellido2></apellido2>
    </autor>
    <autor>
        <idautor>4</idautor>
        <nacionalidad>Estadounidense</nacionalidad>
        <premios>Pulitzer Prize</premios>
        <nombre>Ernest</nombre>
        <apellido1>Hemingway</apellido1>
        <apellido2></apellido2>
    </autor>
    <autor>
        <idautor>5</idautor>
        <nacionalidad>Británica</nacionalidad>
        <premios>Booker Prize</premios>
        <nombre>J.K.</nombre>
        <apellido1>Rowling</apellido1>
        <apellido2></apellido2>
    </autor>
</autores>
