<?xml version="1.0" encoding="UTF-8"?>
<!DOCTYPE libr_digitales SYSTEM "configLibrDigital.dtd">

<libr_digitales>
    <libr_digital>
        <codLibro>1</codLibro>
        <ISBN>9783161484100</ISBN>
        <tamano_archivo>2.50</tamano_archivo>
    </libr_digital>
    <libr_digital>
        <codLibro>2</codLibro>
        <ISBN>9783161484117</ISBN>
        <tamano_archivo>2.70</tamano_archivo>
    </libr_digital>
    <libr_digital>
        <codLibro>3</codLibro>
        <ISBN>9783161484124</ISBN>
        <tamano_archivo>1.90</tamano_archivo>
    </libr_digital>
    <libr_digital>
        <codLibro>4</codLibro>
        <ISBN>9783161484148</ISBN>
        <tamano_archivo>3.00</tamano_archivo>
    </libr_digital>
    <libr_digital>
        <codLibro>5</codLibro>
        <ISBN>9783161484131</ISBN>
        <tamano_archivo>2.30</tamano_archivo>
    </libr_digital>
</libr_digitales>
