[
  {
    "codLibro": 1,
    "titulo": "La Sombra del Viento",
    "idioma": "Español",
    "fpublicacion": "2001-06-06",
    "editorial": 1,
    "autor": 1,
    "esAudiolibro": false,
    "esDigital": true,
    "esFisico": true
  },
  {
    "codLibro": 2,
    "titulo": "Cien Años de Soledad",
    "idioma": "Español",
    "fpublicacion": "1967-06-05",
    "editorial": 2,
    "autor": 2,
    "esAudiolibro": false,
    "esDigital": true,
    "esFisico": true
  },
  {
    "codLibro": 3,
    "titulo": "Kafka en la Orilla",
    "idioma": "Japonés",
    "fpublicacion": "2002-09-12",
    "editorial": 3,
    "autor": 3,
    "esAudiolibro": false,
    "esDigital": true,
    "esFisico": true
  },
  {
    "codLibro": 4,
    "titulo": "El Viejo y el Mar",
    "idioma": "Inglés",
    "fpublicacion": "1952-09-01",
    "editorial": 3,
    "autor": 4,
    "esAudiolibro": false,
    "esDigital": false,
    "esFisico": true
  },
  {
    "codLibro": 5,
    "titulo": "Harry Potter y la Piedra Filosofal",
    "idioma": "Inglés",
    "fpublicacion": "1997-06-26",
    "editorial": 2,
    "autor": 5,
    "esAudiolibro": true,
    "esDigital": true,
    "esFisico": true
  }
]
