<?xml version="1.0" encoding="UTF-8"?>
<!DOCTYPE libr_audiolibros SYSTEM "configLibrAudiolibro.dtd">

<libr_audiolibros>
    <libr_audiolibro>
        <codLibro>1</codLibro>
        <ISBN>9783161484124</ISBN>
        <duracion>780</duracion>
    </libr_audiolibro>
    <libr_audiolibro>
        <codLibro>2</codLibro>
        <ISBN>9783161484131</ISBN>
        <duracion>900</duracion>
    </libr_audiolibro>
    <libr_audiolibro>
        <codLibro>3</codLibro>
        <ISBN>9783161484117</ISBN>
        <duracion>850</duracion>
    </libr_audiolibro>
    <libr_audiolibro>
        <codLibro>4</codLibro>
        <ISBN>9783161484148</ISBN>
        <duracion>600</duracion>
    </libr_audiolibro>
    <libr_audiolibro>
        <codLibro>5</codLibro>
        <ISBN>9783161484100</ISBN>
        <duracion>400</duracion>
    </libr_audiolibro>
</libr_audiolibros>
