[
  {
    "id": 1,
    "fprestamo": "2025-01-01",
    "fdevolucion": "2025-01-15",
    "estado": "Devuelto",
    "usuario": 1,
    "empleado": 1
  },
  {
    "id": 2,
    "fprestamo": "2025-02-01",
    "fdevolucion": "2025-02-15",
    "estado": "Activo",
    "usuario": 2,
    "empleado": 2
  },
  {
    "id": 3,
    "fprestamo": "2025-03-01",
    "fdevolucion": "2025-03-10",
    "estado": "Devuelto",
    "usuario": 3,
    "empleado": 3
  },
  {
    "id": 4,
    "fprestamo": "2025-04-01",
    "fdevolucion": "2025-04-20",
    "estado": "Vencido",
    "usuario": 4,
    "empleado": 4
  },
  {
    "id": 5,
    "fprestamo": "2025-05-01",
    "fdevolucion": "2025-05-15",
    "estado": "Reservado",
    "usuario": 5,
    "empleado": 5
  }
]
