<?xml version="1.0" encoding="UTF-8"?>
<!DOCTYPE ejemplares SYSTEM "configEjemplar.dtd">

<ejemplares>
    <ejemplar>
        <codLibro>1</codLibro>
        <ISBN>9783161484100</ISBN>
        <id>1</id>
        <estado>Nuevo</estado>
    </ejemplar>
    <ejemplar>
        <codLibro>2</codLibro>
        <ISBN>9783161484117</ISBN>
        <id>1</id>
        <estado>Usado</estado>
    </ejemplar>
    <ejemplar>
        <codLibro>3</codLibro>
        <ISBN>9783161484124</ISBN>
        <id>1</id>
        <estado>Nuevo</estado>
    </ejemplar>
    <ejemplar>
        <codLibro>4</codLibro>
        <ISBN>9783161484131</ISBN>
        <id>1</id>
        <estado>Usado</estado>
    </ejemplar>
    <ejemplar>
        <codLibro>5</codLibro>
        <ISBN>9783161484148</ISBN>
        <id>1</id>
        <estado>Nuevo</estado>
    </ejemplar>
</ejemplares>
