<?xml version="1.0" encoding="UTF-8"?>
<!DOCTYPE empleados SYSTEM "configEmpleado.dtd">

<empleados>
    <empleado>
        <id>1</id>
        <nombre>José Ruiz</nombre>
        <cargo>Bibliotecario</cargo>
        <fcontratacion>2023-01-10</fcontratacion>
    </empleado>
    <empleado>
        <id>2</id>
        <nombre>María Fernández</nombre>
        <cargo>Archivista</cargo>
        <fcontratacion>2023-02-15</fcontratacion>
    </empleado>
    <empleado>
        <id>3</id>
        <nombre>Sofía Gómez</nombre>
        <cargo>Catalogadora</cargo>
        <fcontratacion>2023-03-20</fcontratacion>
    </empleado>
    <empleado>
        <id>4</id>
        <nombre>Pedro Díaz</nombre>
        <cargo>Auxiliar</cargo>
        <fcontratacion>2023-04-25</fcontratacion>
    </empleado>
    <empleado>
        <id>5</id>
        <nombre>Lucía Romero</nombre>
        <cargo>Gerente</cargo>
        <fcontratacion>2023-05-30</fcontratacion>
    </empleado>
</empleados>
