[
  {
    "idautor": 1,
    "nacionalidad": "Española",
    "premios": "Premio Planeta",
    "nombre": "Carlos",
    "apellido1": "Ruiz",
    "apellido2": "Zafón"
  },
  {
    "idautor": 2,
    "nacionalidad": "Colombiana",
    "premios": "Premio Nobel",
    "nombre": "Gabriel",
    "apellido1": "García",
    "apellido2": "Márquez"
  },
  {
    "idautor": 3,
    "nacionalidad": "Japonesa",
    "premios": "Premio Akutagawa",
    "nombre": "Haruki",
    "apellido1": "Murakimi"
  },
  {
    "idautor": 4,
    "nacionalidad": "Estadounidense",
    "premios": "Pulitzer Prize",
    "nombre": "Ernest",
    "apellido1": "Hemingway"
  },
  {
    "idautor": 5,
    "nacionalidad": "Británica",
    "premios": "Booker Prize",
    "nombre": "J.K",
    "apellido1": "Rowling"
  }
]
