<?xml version="1.0" encoding="UTF-8"?>
<!DOCTYPE usuarios SYSTEM "configUsuario.dtd">

<usuarios>
    <usuario>
        <id>1</id>
        <nombre>Ana Pérez</nombre>
        <direccion>Calle Mayor, 10</direccion>
        <telefono>611223344</telefono>
        <email>ana.perez@example.com</email>
        <fregistro>2024-01-10</fregistro>
    </usuario>
    <usuario>
        <id>2</id>
        <nombre>Luis García</nombre>
        <direccion>Avenida Sol, 23</direccion>
        <telefono>622334455</telefono>
        <email>luis.garcia@example.com</email>
        <fregistro>2024-02-15</fregistro>
    </usuario>
    <usuario>
        <id>3</id>
        <nombre>Marta López</nombre>
        <direccion>Calle Luna, 35</direccion>
        <telefono>633445566</telefono>
        <email>marta.lopez@example.com</email>
        <fregistro>2024-03-20</fregistro>
    </usuario>
    <usuario>
        <id>4</id>
        <nombre>Carlos Martínez</nombre>
        <direccion>Calle Mar, 50</direccion>
        <telefono>644556677</telefono>
        <email>carlos.martinez@example.com</email>
        <fregistro>2024-04-25</fregistro>
    </usuario>
    <usuario>
        <id>5</id>
        <nombre>Laura Sánchez</nombre>
        <direccion>Avenida Norte, 18</direccion>
        <telefono>655667788</telefono>
        <email>laura.sanchez@example.com</email>
        <fregistro>2024-05-30</fregistro>
    </usuario>
</usuarios>
