[
  {
    "id": 1,
    "nombre": "Planeta",
    "direccion": "Calle 123, Barcelona",
    "telefono": "934567890"
  },
  {
    "id": 2,
    "nombre": "Penguin Random House",
    "direccion": "Av. Siempre Viva 742, Springfield",
    "telefono": "123456789"
  },
  {
    "id": 3,
    "nombre": "HarperCollins",
    "direccion": "345 7th Ave, New York",
    "telefono": "987654321"
  },
  {
    "id": 4,
    "nombre": "Anagrama",
    "direccion": "Calle Falsa 123, Madrid",
    "telefono": "912345678"
  },
  {
    "id": 5,
    "nombre": "Tusquets",
    "direccion": "Plaza Mayor 1, Salamanca",
    "telefono": "654321987"
  }
]
