[
  {
    "id": 1,
    "nombre": "Ana Pérez",
    "direccion": "Calle Mayor, 10",
    "telefono": "611223344",
    "email": "ana.perez@example.com",
    "fregistro": "2024-01-10"
  },
  {
    "id": 2,
    "nombre": "Luis García",
    "direccion": "Avenida Sol, 23",
    "telefono": "622334455",
    "email": "luis.garcia@example.com",
    "fregistro": "2024-02-15"
  },
  {
    "id": 3,
    "nombre": "Marta López",
    "direccion": "Calle Luna, 35",
    "telefono": "633445566",
    "email": "marta.lopez@example.com",
    "fregistro": "2024-03-20"
  },
  {
    "id": 4,
    "nombre": "Carlos Martínez",
    "direccion": "Calle Mar, 50",
    "telefono": "644556677",
    "email": "carlos.martinez@example.com",
    "fregistro": "2024-04-25"
  },
  {
    "id": 5,
    "nombre": "Laura Sánchez",
    "direccion": "Avenida Norte, 18",
    "telefono": "655667788",
    "email": "laura.sanchez@example.com",
    "fregistro": "2024-05-30"
  }
]
