[
  {
    "id": 1,
    "nombre": "José Ruiz",
    "cargo": "Bibliotecario",
    "fcontratacion": "2023-01-10"
  },
  {
    "id": 2,
    "nombre": "María Fernández",
    "cargo": "Archivista",
    "fcontratacion": "2023-02-15"
  },
  {
    "id": 3,
    "nombre": "Sofía Gómez",
    "cargo": "Catalogadora",
    "fcontratacion": "2023-03-20"
  },
  {
    "id": 4,
    "nombre": "Pedro Díaz",
    "cargo": "Auxiliar",
    "fcontratacion": "2023-04-25"
  },
  {
    "id": 5,
    "nombre": "Lucía Romero",
    "cargo": "Gerente",
    "fcontratacion": "2023-05-30"
  }
]
