<?xml version="1.0" encoding="UTF-8"?>
<!DOCTYPE libros SYSTEM "configLibro.dtd">

<libros>
    <libro>
        <codLibro>1</codLibro>
        <titulo>La Sombra del Viento</titulo>
        <idioma>Español</idioma>
        <fpublicacion>2001-06-06</fpublicacion>
        <editorial>1</editorial>
        <autor>1</autor>
        <esAudiolibro>0</esAudiolibro>
        <esDigital>1</esDigital>
        <esFisico>1</esFisico>
    </libro>
    <libro>
        <codLibro>2</codLibro>
        <titulo>Cien Años de Soledad</titulo>
        <idioma>Español</idioma>
        <fpublicacion>1967-06-05</fpublicacion>
        <editorial>2</editorial>
        <autor>2</autor>
        <esAudiolibro>0</esAudiolibro>
        <esDigital>1</esDigital>
        <esFisico>1</esFisico>
    </libro>
    <libro>
        <codLibro>3</codLibro>
        <titulo>Kafka en la Orilla</titulo>
        <idioma>Japonés</idioma>
        <fpublicacion>2002-09-12</fpublicacion>
        <editorial>3</editorial>
        <autor>3</autor>
        <esAudiolibro>0</esAudiolibro>
        <esDigital>1</esDigital>
        <esFisico>1</esFisico>
    </libro>
    <libro>
        <codLibro>4</codLibro>
        <titulo>El Viejo y el Mar</titulo>
        <idioma>Inglés</idioma>
        <fpublicacion>1952-09-01</fpublicacion>
        <editorial>3</editorial>
        <autor>4</autor>
        <esAudiolibro>0</esAudiolibro>
        <esDigital>0</esDigital>
        <esFisico>1</esFisico>
    </libro>
    <libro>
        <codLibro>5</codLibro>
        <titulo>Harry Potter y la Piedra Filosofal</titulo>
        <idioma>Inglés</idioma>
        <fpublicacion>1997-06-26</fpublicacion>
        <editorial>2</editorial>
        <autor>5</autor>
        <esAudiolibro>1</esAudiolibro>
        <esDigital>1</esDigital>
        <esFisico>1</esFisico>
    </libro>
</libros>
