<?xml version="1.0" encoding="UTF-8"?>
<!DOCTYPE editoriales SYSTEM "configEditorial.dtd">

<editoriales>
    <editorial>
        <id_editorial>1</id_editorial>
        <nombre>Planeta</nombre>
        <direccion>Calle 123, Barcelona</direccion>
        <telefono>934567890</telefono>
    </editorial>
    <editorial>
        <id_editorial>2</id_editorial>
        <nombre>Penguin Random House</nombre>
        <direccion>Av. Siempre Viva 742, Springfield</direccion>
        <telefono>123456789</telefono>
    </editorial>
    <editorial>
        <id_editorial>3</id_editorial>
        <nombre>HarperCollins</nombre>
        <direccion>345 7th Ave, New York</direccion>
        <telefono>987654321</telefono>
    </editorial>
    <editorial>
        <id_editorial>4</id_editorial>
        <nombre>Anagrama</nombre>
        <direccion>Calle Falsa 123, Madrid</direccion>
        <telefono>912345678</telefono>
    </editorial>
    <editorial>
        <id_editorial>5</id_editorial>
        <nombre>Tusquets</nombre>
        <direccion>Plaza Mayor 1, Salamanca</direccion>
        <telefono>654321987</telefono>
    </editorial>
</editoriales>
