<?xml version="1.0" encoding="UTF-8"?>
<!DOCTYPE prestamos SYSTEM "configPrestamo.dtd">

<prestamos>
    <prestamo>
        <id>1</id>
        <fprestamo>2025-01-01</fprestamo>
        <fdevolucion>2025-01-15</fdevolucion>
        <estado>Devuelto</estado>
        <usuario>1</usuario>
        <empleado>1</empleado>
    </prestamo>
    <prestamo>
        <id>2</id>
        <fprestamo>2025-02-01</fprestamo>
        <fdevolucion>2025-02-15</fdevolucion>
        <estado>Activo</estado>
        <usuario>2</usuario>
        <empleado>2</empleado>
    </prestamo>
    <prestamo>
        <id>3</id>
        <fprestamo>2025-03-01</fprestamo>
        <fdevolucion>2025-03-10</fdevolucion>
        <estado>Devuelto</estado>
        <usuario>3</usuario>
        <empleado>3</empleado>
    </prestamo>
    <prestamo>
        <id>4</id>
        <fprestamo>2025-04-01</fprestamo>
        <fdevolucion>2025-04-20</fdevolucion>
        <estado>Vencido</estado>
        <usuario>4</usuario>
        <empleado>4</empleado>
    </prestamo>
    <prestamo>
        <id>5</id>
        <fprestamo>2025-05-01</fprestamo>
        <fdevolucion>2025-05-15</fdevolucion>
        <estado>Reservado</estado>
        <usuario>5</usuario>
        <empleado>5</empleado>
    </prestamo>
</prestamos>
