<?xml version="1.0" encoding="UTF-8"?>
<!DOCTYPE libr_fisicos SYSTEM "configLibrFisico.dtd">

<libr_fisicos>
    <libr_fisico>
        <codLibro>1</codLibro>
        <ISBN>9783161484100</ISBN>
        <numpaginas>600</numpaginas>
    </libr_fisico>
    <libr_fisico>
        <codLibro>2</codLibro>
        <ISBN>9783161484117</ISBN>
        <numpaginas>417</numpaginas>
    </libr_fisico>
    <libr_fisico>
        <codLibro>3</codLibro>
        <ISBN>9783161484124</ISBN>
        <numpaginas>554</numpaginas>
    </libr_fisico>
    <libr_fisico>
        <codLibro>4</codLibro>
        <ISBN>9783161484131</ISBN>
        <numpaginas>132</numpaginas>
    </libr_fisico>
    <libr_fisico>
        <codLibro>5</codLibro>
        <ISBN>9783161484148</ISBN>
        <numpaginas>223</numpaginas>
    </libr_fisico>
</libr_fisicos>
