<?xml version="1.0" encoding="UTF-8"?>
<!DOCTYPE libro_prestamos SYSTEM "configLibroPrestamo.dtd">

<libro_prestamos>
    <libro_prestamo>
        <codLibro>1</codLibro>
        <idPrestamo>1</idPrestamo>
    </libro_prestamo>
    <libro_prestamo>
        <codLibro>2</codLibro>
        <idPrestamo>2</idPrestamo>
    </libro_prestamo>
    <libro_prestamo>
        <codLibro>3</codLibro>
        <idPrestamo>3</idPrestamo>
    </libro_prestamo>
    <libro_prestamo>
        <codLibro>4</codLibro>
        <idPrestamo>4</idPrestamo>
    </libro_prestamo>
    <libro_prestamo>
        <codLibro>5</codLibro>
        <idPrestamo>2</idPrestamo>
    </libro_prestamo>
</libro_prestamos>
