<?xml version="1.0" encoding="UTF-8"?>
<!DOCTYPE premios_autores SYSTEM "configPremiosAutor.dtd">

<premios_autores>
    <premios_autor>
        <premio>Booker Prize</premio>
        <autor>5</autor>
    </premios_autor>
    <premios_autor>
        <premio>Premio Akutagawa</premio>
        <autor>3</autor>
    </premios_autor>
    <premios_autor>
        <premio>Premio Nobel</premio>
        <autor>2</autor>
    </premios_autor>
    <premios_autor>
        <premio>Premio Planeta</premio>
        <autor>1</autor>
    </premios_autor>
    <premios_autor>
        <premio>Pulitzer Prize</premio>
        <autor>4</autor>
    </premios_autor>
</premios_autores>
